id,name,url
Acrobatic_Fuwas,Acrobatic Fuwas,/wiki/Buggy_Pirates#Acrobatic_Fuwas
Alvida,Alvida,/wiki/Alvida
Alvida_Pirates,Alvida Pirates,/wiki/Alvida_Pirates
Animals,Animals,/wiki/Animal_Species
Anjo,Anjo,/wiki/Anjo
Benn_Beckman,Benn Beckman,/wiki/Benn_Beckman
Bonk_Punch,Bonk Punch,/wiki/Bonk_Punch
Boodle,Boodle,/wiki/Boodle
Bounty_Hunter,Bounty Hunter,/wiki/Bounty_Hunter
Buggy,Buggy,/wiki/Buggy
Buggy_Pirates,Buggy Pirates,/wiki/Buggy_Pirates
Cabaji,Cabaji,/wiki/Cabaji
Captain,Captain,/wiki/Captain_(Marine_Rank)
Chicken,Chicken,/wiki/Chicken
Chouchou,Chouchou,/wiki/Chouchou
Cocoyasi_Village,Cocoyasi Village,/wiki/Cocoyasi_Village
Domo-kun,Domo-kun,/wiki/Domo-kun_and_Nnke-kun
Foosha_Village,Foosha Village,/wiki/Foosha_Village
Gold_Roger,Gold Roger,/wiki/Gol_D._Roger
Gyoru,Gyoru,/wiki/Gyoru
Helmeppo,Helmeppo,/wiki/Helmeppo
Heppoko,Heppoko,/wiki/Heppoko
Higuma,Higuma,/wiki/Higuma
Hocker,Hocker,/wiki/Hocker
Hongo,Hongo,/wiki/Hongo
Koby,Koby,/wiki/Koby
Koushirou,Koushirou,/wiki/Shimotsuki_Koushirou
Kuina,Kuina,/wiki/Shimotsuki_Kuina
Lieutenant_Junior_Grade,Lieutenant Junior Grade,/wiki/Marine_Ranks#Lieutenant_Junior_Grade
Limejuice,Limejuice,/wiki/Limejuice
Lord_of_the_Coast,Lord of the Coast,/wiki/Lord_of_the_Coast
Lucky_Roux,Lucky Roux,/wiki/Lucky_Roux
Makino,Makino,/wiki/Makino
Marines,Marines,/wiki/Marines
Mikio_Itoo,Mikio Itoo,/wiki/Mikio_Itoo
Mohji,Mohji,/wiki/Mohji
Monkey_D._Luffy,Monkey D. Luffy,/wiki/Monkey_D._Luffy
Monster,Monster,/wiki/Monster
Morgan,Morgan,/wiki/Morgan
Nami,Nami,/wiki/Nami
Orange_Town,Orange Town,/wiki/Orange_Town
Organ_Islands,Organ Islands,/wiki/Organ_Islands
Peppoko,Peppoko,/wiki/Peppoko
Pinky,Pinky,/wiki/Pinky
Pirate,Pirate,/wiki/Pirate
Pirate_Bear,Pirate Bear,/wiki/Pirate_Bear
Poppoko,Poppoko,/wiki/Poppoko
Red_Hair_Pirates,Red Hair Pirates,/wiki/Red_Hair_Pirates
Richie,Richie,/wiki/Richie
Rika,Rika,/wiki/Rika
Ripper,Ripper,/wiki/Ripper
Ririka,Ririka,/wiki/Ririka
Rokkaku,Rokkaku,/wiki/Rokkaku
Roronoa_Zoro,Roronoa Zoro,/wiki/Roronoa_Zoro
Seaman_Recruit,Seaman Recruit,/wiki/Marine_Ranks#Seaman_Recruit
Shanks,Shanks,/wiki/Shanks
Shells_Town,Shells Town,/wiki/Shells_Town
Shimotsuki_Village,Shimotsuki Village,/wiki/Shimotsuki_Village
Soro,Soro,/wiki/Soro
Straw_Hat_Pirates,Straw Hat Pirates,/wiki/Straw_Hat_Pirates
Superhuman_Domingos,Superhuman Domingos,/wiki/Buggy_Pirates#Superhuman_Domingos
Tightrope_Walking_Funan_Bros,Tightrope Walking Funan Bros,/wiki/Buggy_Pirates#Tightrope_Walking_Funan_Bros
Ukkari,Ukkari,/wiki/Ukkari_(Character)
Woop_Slap,Woop Slap,/wiki/Woop_Slap
Yasopp,Yasopp,/wiki/Yasopp
