number,title
1,Romance Dawn
2,Buggy the Clown
3,Don't Get Fooled Again
4,The Black Cat Pirates
5,For Whom the Bell Tolls
6,The Oath
7,The Crap-Geezer
8,I Won't Die
9,Tears
10,"OK, Let's Stand Up!"
11,The Meanest Man In the East
12,The Legend Begins
13,It's All Right!
14,Instinct
15,Straight Ahead!!!
16,Carrying On His Will
17,Hiriluk's Cherry Blossoms
18,Ace Arrives
19,Rebellion
20,Showdown At Alubarna
21,Utopia
22,HOPE!!
23,Vivi's Adventure
24,People's Dreams
25,The 100 Million Berry Man
26,Adventure on Kami's Island
27,Overture
28,Wyper the Berserker
29,Oratorio
30,Capriccio
31,We'll Be Here
32,Love Song
33,Davy Back Fight
34,"The City of Water, Water Seven"
35,Captain
36,The Ninth Justice
37,Tom
38,Rocketman!!
39,Scramble
40,Gear
41,Declaration of War
42,Pirates vs. CP9
43,Legend of a Hero
44,Let's Go Back
45,You Have My Sympathies
46,Adventure on Ghost Island
47,"Cloudy, Partly Bony"
48,Adventures of Oars
49,Nightmare Luffy
50,Arriving Again
51,The Eleven Supernovas
52,Roger and Rayleigh
53,Natural Born King
54,Unstoppable
55,A Ray of Hope
56,Thank You
57,Paramount War
58,"The Name Of This Era Is ""Whitebeard"""
59,The Death of Portgaz D. Ace
60,My Little Brother
61,Romance Dawn For The New World
62,Adventure on Fish-Man Island
63,Otohime and Tiger
64,"100,000 vs. 10"
65,To Nothing
66,The Road Toward the Sun
67,Cool Fight
68,Pirate Alliance
69,S.A.D.
70,Enter Doflamingo
71,Coliseum of Scoundrels
72,Dressrosa's Forgotten
73,Operation Dressrosa S.O.P.
74,Ever At Your Side
75,My Repayment
76,Just Keep Going
77,Smile
78,Champion of Evil
79,Lucy!!
80,Opening Speech
81,Let's Go See Master Nekomamushi
82,A World Abuzz
83,"Emperor of the Sea, Charlotte Linlin"
84,Luffy vs. Sanji
85,Liar
86,Emperor Assassination Plan
87,Not Sweet
88,Lion
89,Bad End Musical
90,The Holy Land Mary Geoise
91,Adventure in the Land of Samurai
92,Introducing Komurasaki the Oiran
93,The Star of Ebisu Town
94,A Soldier's Dream
95,Oden's Adventure
96,"I am Oden, And I Was Born to Boil"
97,My Bible
98,Vassals of Glory
99,Straw Hat Luffy
100,Color of the Supreme King
101,The Stars Take the Stage
102,The Pivotal Clash
103,Warrior of Liberation
104,"Shogun of Wano, Kozuki Momonosuke"
105,Luffy's Dream
106,A Genius's Dream
107,The Hero of Legend
108,Better Off Dead in This World
109,On Your Side
110,The Upheaval of the Era
111,Adventure in Elbaph
112,The Harley
113,The Birth of Loki
114,The God Valley Incident
